{"resourceType":"ImplementationGuide","id":"fhir.RoadxCore","text":{"status":"extensions","div":"<div xmlns=\"http://www.w3.org/1999/xhtml\"><h2>RoadxCoreIG</h2><p>The official URL for this implementation guide is: </p><pre>http://roadxcore.com/fhir/v1/ImplementationGuide/fhir.RoadxCore</pre><div><p>HL7 FHIR Implementation Guide: RoadxCore IG Release 1.0.0</p>\n</div></div>"},"url":"http://roadxcore.com/fhir/v1/ImplementationGuide/fhir.RoadxCore","version":"1.0.0","name":"RoadxCoreIG","title":"HL7 FHIR Implementation Guide: RoadxCore IG Release 1.0.0 ","status":"active","date":"2022-01-19T11:55:47+04:00","description":"HL7 FHIR Implementation Guide: RoadxCore IG Release 1.0.0 ","packageId":"fhir.RoadxCore","license":"CC0-1.0","fhirVersion":["4.0.1"],"definition":{"extension":[{"extension":[{"url":"code","valueString":"copyrightyear"},{"url":"value","valueString":"2022+"}],"url":"http://hl7.org/fhir/tools/StructureDefinition/ig-parameter"},{"extension":[{"url":"code","valueString":"releaselabel"},{"url":"value","valueString":"ci-build"}],"url":"http://hl7.org/fhir/tools/StructureDefinition/ig-parameter"},{"extension":[{"url":"code","valueString":"path-liquid"},{"url":"value","valueString":"template/liquid"}],"url":"http://hl7.org/fhir/tools/StructureDefinition/ig-parameter"},{"extension":[{"url":"code","valueString":"path-liquid"},{"url":"value","valueString":"input/liquid"}],"url":"http://hl7.org/fhir/tools/StructureDefinition/ig-parameter"},{"extension":[{"url":"code","valueString":"path-qa"},{"url":"value","valueString":"temp/qa"}],"url":"http://hl7.org/fhir/tools/StructureDefinition/ig-parameter"},{"extension":[{"url":"code","valueString":"path-temp"},{"url":"value","valueString":"temp/pages"}],"url":"http://hl7.org/fhir/tools/StructureDefinition/ig-parameter"},{"extension":[{"url":"code","valueString":"path-output"},{"url":"value","valueString":"output"}],"url":"http://hl7.org/fhir/tools/StructureDefinition/ig-parameter"},{"extension":[{"url":"code","valueString":"path-suppressed-warnings"},{"url":"value","valueString":"input/ignoreWarnings.txt"}],"url":"http://hl7.org/fhir/tools/StructureDefinition/ig-parameter"},{"extension":[{"url":"code","valueString":"path-history"},{"url":"value","valueString":"http://roadxcore.com/fhir/v1/history.html"}],"url":"http://hl7.org/fhir/tools/StructureDefinition/ig-parameter"},{"extension":[{"url":"code","valueString":"template-html"},{"url":"value","valueString":"template-page.html"}],"url":"http://hl7.org/fhir/tools/StructureDefinition/ig-parameter"},{"extension":[{"url":"code","valueString":"template-md"},{"url":"value","valueString":"template-page-md.html"}],"url":"http://hl7.org/fhir/tools/StructureDefinition/ig-parameter"},{"extension":[{"url":"code","valueString":"apply-contact"},{"url":"value","valueString":"true"}],"url":"http://hl7.org/fhir/tools/StructureDefinition/ig-parameter"},{"extension":[{"url":"code","valueString":"apply-context"},{"url":"value","valueString":"true"}],"url":"http://hl7.org/fhir/tools/StructureDefinition/ig-parameter"},{"extension":[{"url":"code","valueString":"apply-copyright"},{"url":"value","valueString":"true"}],"url":"http://hl7.org/fhir/tools/StructureDefinition/ig-parameter"},{"extension":[{"url":"code","valueString":"apply-jurisdiction"},{"url":"value","valueString":"true"}],"url":"http://hl7.org/fhir/tools/StructureDefinition/ig-parameter"},{"extension":[{"url":"code","valueString":"apply-license"},{"url":"value","valueString":"true"}],"url":"http://hl7.org/fhir/tools/StructureDefinition/ig-parameter"},{"extension":[{"url":"code","valueString":"apply-publisher"},{"url":"value","valueString":"true"}],"url":"http://hl7.org/fhir/tools/StructureDefinition/ig-parameter"},{"extension":[{"url":"code","valueString":"apply-version"},{"url":"value","valueString":"true"}],"url":"http://hl7.org/fhir/tools/StructureDefinition/ig-parameter"},{"extension":[{"url":"code","valueString":"active-tables"},{"url":"value","valueString":"true"}],"url":"http://hl7.org/fhir/tools/StructureDefinition/ig-parameter"}],"grouping":[{"id":"-str-profile","name":"Structures: Resource Profiles","description":"These define constraints on FHIR resources for systems conforming to this implementation guide"},{"id":"-str-extension","name":"Structures: Extension Definitions","description":"These define constraints on FHIR data types for systems conforming to this implementation guide"}],"resource":[{"extension":[{"url":"http://hl7.org/fhir/StructureDefinition/implementationguide-page","valueUri":"StructureDefinition-bundle.html"}],"reference":{"reference":"StructureDefinition/bundle"},"name":"RoadxCore  Bundle ","description":"RoadxCore Bundle Profile","exampleBoolean":false,"groupingId":"-str-profile"},{"extension":[{"url":"http://hl7.org/fhir/StructureDefinition/implementationguide-page","valueUri":"StructureDefinition-device-request.html"}],"reference":{"reference":"StructureDefinition/device-request"},"name":"RoadxCore Device Request","description":"RoadxCore constraints on DeviceRequest resource mandating support for elements relevant to the devices being requested on a prior authorization request","exampleBoolean":false,"groupingId":"-str-profile"},{"extension":[{"url":"http://hl7.org/fhir/StructureDefinition/implementationguide-page","valueUri":"StructureDefinition-prescription-diagnosis.html"}],"reference":{"reference":"StructureDefinition/prescription-diagnosis"},"name":"Prescription Diagnosis","description":"Definition for the Diagnosis Condition resource in the context of medication order.","exampleBoolean":false,"groupingId":"-str-profile"},{"extension":[{"url":"http://hl7.org/fhir/StructureDefinition/implementationguide-page","valueUri":"StructureDefinition-download-parameters.html"}],"reference":{"reference":"StructureDefinition/download-parameters"},"name":"RoadxCoreDownloadParameters","description":"Parameters profile for download prescription","exampleBoolean":false,"groupingId":"-str-profile"},{"extension":[{"url":"http://hl7.org/fhir/StructureDefinition/implementationguide-page","valueUri":"StructureDefinition-encounter.html"}],"reference":{"reference":"StructureDefinition/encounter"},"name":"RoadxCore  Encounter ","description":"RoadxCore Encounter Profile","exampleBoolean":false,"groupingId":"-str-profile"},{"extension":[{"url":"http://hl7.org/fhir/StructureDefinition/implementationguide-page","valueUri":"StructureDefinition-location.html"}],"reference":{"reference":"StructureDefinition/location"},"name":"RoadxCore  Location ","description":"RoadxCore Location Profile","exampleBoolean":false,"groupingId":"-str-profile"},{"extension":[{"url":"http://hl7.org/fhir/StructureDefinition/implementationguide-page","valueUri":"StructureDefinition-medication-dispense.html"}],"reference":{"reference":"StructureDefinition/medication-dispense"},"name":"RoadxCoreMedicationDispense","exampleBoolean":false,"groupingId":"-str-profile"},{"extension":[{"url":"http://hl7.org/fhir/StructureDefinition/implementationguide-page","valueUri":"StructureDefinition-medication-request.html"}],"reference":{"reference":"StructureDefinition/medication-request"},"name":"RoadxCore Medication Request","description":"RoadxCore constraints on MedicationRequest resource mandating support for elements relevant to the prescriptions being requested on a prior authorization request","exampleBoolean":false,"groupingId":"-str-profile"},{"extension":[{"url":"http://hl7.org/fhir/StructureDefinition/implementationguide-page","valueUri":"StructureDefinition-message-header.html"}],"reference":{"reference":"StructureDefinition/message-header"},"name":"RoadxCore  Message Header ","description":"RoadxCore Message Header Profile","exampleBoolean":false,"groupingId":"-str-profile"},{"extension":[{"url":"http://hl7.org/fhir/StructureDefinition/implementationguide-page","valueUri":"StructureDefinition-organization.html"}],"reference":{"reference":"StructureDefinition/organization"},"name":"RoadxCore  Organization ","description":"RoadxCore Organization Profile","exampleBoolean":false,"groupingId":"-str-profile"},{"extension":[{"url":"http://hl7.org/fhir/StructureDefinition/implementationguide-page","valueUri":"StructureDefinition-patient.html"}],"reference":{"reference":"StructureDefinition/patient"},"name":"RoadxCore  Patient ","description":"RoadxCore Patient Profile","exampleBoolean":false,"groupingId":"-str-profile"},{"extension":[{"url":"http://hl7.org/fhir/StructureDefinition/implementationguide-page","valueUri":"StructureDefinition-practitioner.html"}],"reference":{"reference":"StructureDefinition/practitioner"},"name":"RoadxCore  Practitioner ","description":"RoadxCore Practitioner Profile","exampleBoolean":false,"groupingId":"-str-profile"},{"extension":[{"url":"http://hl7.org/fhir/StructureDefinition/implementationguide-page","valueUri":"StructureDefinition-practitioner-role.html"}],"reference":{"reference":"StructureDefinition/practitioner-role"},"name":"RoadxCore  Practitioner Role ","description":"RoadxCore Practitioner Role Profile","exampleBoolean":false,"groupingId":"-str-profile"},{"extension":[{"url":"http://hl7.org/fhir/StructureDefinition/implementationguide-page","valueUri":"StructureDefinition-provider-organization.html"}],"reference":{"reference":"StructureDefinition/provider-organization"},"name":"RoadxCore  Provider Organization","description":"RoadxCore Organization Profile","exampleBoolean":false,"groupingId":"-str-profile"},{"extension":[{"url":"http://hl7.org/fhir/StructureDefinition/implementationguide-page","valueUri":"StructureDefinition-service-request.html"}],"reference":{"reference":"StructureDefinition/service-request"},"name":"RoadxCore Service Request","description":"RoadxCore constraints on ServiceRequest resource mandating support for elements relevant to the generic services being requested on a prior authorization request","exampleBoolean":false,"groupingId":"-str-profile"},{"extension":[{"url":"http://hl7.org/fhir/StructureDefinition/implementationguide-page","valueUri":"StructureDefinition-task.html"}],"reference":{"reference":"StructureDefinition/task"},"name":"RoadxCore  Task","description":"RoadxCore Task Profile","exampleBoolean":false,"groupingId":"-str-profile"},{"extension":[{"url":"http://hl7.org/fhir/StructureDefinition/implementationguide-page","valueUri":"StructureDefinition-vision-prescription.html"}],"reference":{"reference":"StructureDefinition/vision-prescription"},"name":"RoadxCore  VisionPrescription","description":"RoadxCore VisionPrescription Profile","exampleBoolean":false,"groupingId":"-str-profile"},{"extension":[{"url":"http://hl7.org/fhir/StructureDefinition/implementationguide-page","valueUri":"StructureDefinition-extension-error-expression.html"}],"reference":{"reference":"StructureDefinition/extension-error-expression"},"name":"Error expression Extension","description":"expression for error location as part of error reporting to indicate the location of error","exampleBoolean":false,"groupingId":"-str-extension"},{"extension":[{"url":"http://hl7.org/fhir/StructureDefinition/implementationguide-page","valueUri":"StructureDefinition-extension-ExpiryDate.html"}],"reference":{"reference":"StructureDefinition/extension-ExpiryDate"},"name":"Drug Expiry Extension","description":"The expiry date for drug to be supplied","exampleBoolean":false,"groupingId":"-str-extension"},{"extension":[{"url":"http://hl7.org/fhir/StructureDefinition/implementationguide-page","valueUri":"StructureDefinition-extension-identifier-country.html"}],"reference":{"reference":"StructureDefinition/extension-identifier-country"},"name":"Patient Identifier Country Extension","description":"Patient identifier country as per the RoadxCore adopted list of countries","exampleBoolean":false,"groupingId":"-str-extension"},{"extension":[{"url":"http://hl7.org/fhir/StructureDefinition/implementationguide-page","valueUri":"StructureDefinition-extension-patient-religion.html"}],"reference":{"reference":"StructureDefinition/extension-patient-religion"},"name":"Patient Religion Extension","description":"Patient religion as per the RoadxCore adopted list of religions","exampleBoolean":false,"groupingId":"-str-extension"},{"extension":[{"url":"http://hl7.org/fhir/StructureDefinition/implementationguide-page","valueUri":"StructureDefinition-extension-prescription-dispense-status.html"}],"reference":{"reference":"StructureDefinition/extension-prescription-dispense-status"},"name":"Extension for specifying prescription dispense status","description":"Extension to specify prescription dispense status","exampleBoolean":false,"groupingId":"-str-extension"},{"extension":[{"url":"http://hl7.org/fhir/StructureDefinition/implementationguide-page","valueUri":"StructureDefinition-extension-prescription-order-number.html"}],"reference":{"reference":"StructureDefinition/extension-prescription-order-number"},"name":"Prescription Order Number Extension","description":"A patient reference id for the prescription","exampleBoolean":false,"groupingId":"-str-extension"},{"extension":[{"url":"http://hl7.org/fhir/StructureDefinition/implementationguide-page","valueUri":"StructureDefinition-extension-prescription-type.html"}],"reference":{"reference":"StructureDefinition/extension-prescription-type"},"name":"Extension for specifying prescription type","description":"Extension to specify prescription type community vs inpatient","exampleBoolean":false,"groupingId":"-str-extension"},{"extension":[{"url":"http://hl7.org/fhir/StructureDefinition/implementationguide-page","valueUri":"StructureDefinition-extension-roadx-administrative-gender.html"}],"reference":{"reference":"StructureDefinition/extension-roadx-administrative-gender"},"name":"Roadx Administrative Gender Extension","description":"The Saudi Administrative Gender codes","exampleBoolean":false,"groupingId":"-str-extension"},{"extension":[{"url":"http://hl7.org/fhir/StructureDefinition/implementationguide-page","valueUri":"StructureDefinition-extension-SerialNumber.html"}],"reference":{"reference":"StructureDefinition/extension-SerialNumber"},"name":"Drug serial number","description":"The serial number for drug to be supplied.","exampleBoolean":false,"groupingId":"-str-extension"}],"page":{"nameUrl":"toc.html","title":"Table of Contents","generation":"html","page":[{"nameUrl":"index.html","title":"Home","generation":"html"},{"nameUrl":"background.html","title":"Background","generation":"html"},{"nameUrl":"changes.html","title":"Changes","generation":"html"},{"nameUrl":"downloads.html","title":"Downloads","generation":"html"},{"nameUrl":"spec.html","title":"Spec","generation":"markdown"},{"nameUrl":"artifacts.html","title":"Artifacts Summary","generation":"html","page":[{"nameUrl":"StructureDefinition-bundle.html","title":"RoadxCore  Bundle ","generation":"generated"},{"nameUrl":"StructureDefinition-device-request.html","title":"RoadxCore Device Request","generation":"generated"},{"nameUrl":"StructureDefinition-prescription-diagnosis.html","title":"Prescription Diagnosis","generation":"generated"},{"nameUrl":"StructureDefinition-download-parameters.html","title":"RoadxCoreDownloadParameters","generation":"generated"},{"nameUrl":"StructureDefinition-encounter.html","title":"RoadxCore  Encounter ","generation":"generated"},{"nameUrl":"StructureDefinition-location.html","title":"RoadxCore  Location ","generation":"generated"},{"nameUrl":"StructureDefinition-medication-dispense.html","title":"RoadxCoreMedicationDispense","generation":"generated"},{"nameUrl":"StructureDefinition-medication-request.html","title":"RoadxCore Medication Request","generation":"generated"},{"nameUrl":"StructureDefinition-message-header.html","title":"RoadxCore  Message Header ","generation":"generated"},{"nameUrl":"StructureDefinition-organization.html","title":"RoadxCore  Organization ","generation":"generated"},{"nameUrl":"StructureDefinition-patient.html","title":"RoadxCore  Patient ","generation":"generated"},{"nameUrl":"StructureDefinition-practitioner.html","title":"RoadxCore  Practitioner ","generation":"generated"},{"nameUrl":"StructureDefinition-practitioner-role.html","title":"RoadxCore  Practitioner Role ","generation":"generated"},{"nameUrl":"StructureDefinition-provider-organization.html","title":"RoadxCore  Provider Organization","generation":"generated"},{"nameUrl":"StructureDefinition-service-request.html","title":"RoadxCore Service Request","generation":"generated"},{"nameUrl":"StructureDefinition-task.html","title":"RoadxCore  Task","generation":"generated"},{"nameUrl":"StructureDefinition-vision-prescription.html","title":"RoadxCore  VisionPrescription","generation":"generated"},{"nameUrl":"StructureDefinition-extension-error-expression.html","title":"Error expression Extension","generation":"generated"},{"nameUrl":"StructureDefinition-extension-ExpiryDate.html","title":"Drug Expiry Extension","generation":"generated"},{"nameUrl":"StructureDefinition-extension-identifier-country.html","title":"Patient Identifier Country Extension","generation":"generated"},{"nameUrl":"StructureDefinition-extension-patient-religion.html","title":"Patient Religion Extension","generation":"generated"},{"nameUrl":"StructureDefinition-extension-prescription-dispense-status.html","title":"Extension for specifying prescription dispense status","generation":"generated"},{"nameUrl":"StructureDefinition-extension-prescription-order-number.html","title":"Prescription Order Number Extension","generation":"generated"},{"nameUrl":"StructureDefinition-extension-prescription-type.html","title":"Extension for specifying prescription type","generation":"generated"},{"nameUrl":"StructureDefinition-extension-roadx-administrative-gender.html","title":"Roadx Administrative Gender Extension","generation":"generated"},{"nameUrl":"StructureDefinition-extension-SerialNumber.html","title":"Drug serial number","generation":"generated"}]}]},"parameter":[{"code":"path-resource","value":"input/capabilities"},{"code":"path-resource","value":"input/examples"},{"code":"path-resource","value":"input/extensions"},{"code":"path-resource","value":"input/models"},{"code":"path-resource","value":"input/operations"},{"code":"path-resource","value":"input/profiles"},{"code":"path-resource","value":"input/resources"},{"code":"path-resource","value":"input/vocabulary"},{"code":"path-resource","value":"input/maps"},{"code":"path-resource","value":"input/testing"},{"code":"path-resource","value":"input/history"},{"code":"path-resource","value":"fsh-generated/resources"},{"code":"path-pages","value":"template/config"},{"code":"path-pages","value":"input/images"},{"code":"path-tx-cache","value":"input-cache/txcache"}]}}