<?xml version="1.0" encoding="UTF-8"?><ImplementationGuide xmlns="http://hl7.org/fhir"><id value="fhir.RoadxCore"/><text><status value="extensions"/><div xmlns="http://www.w3.org/1999/xhtml"><h2>RoadxCoreIG</h2><p>The official URL for this implementation guide is: </p><pre>http://roadxcore.com/fhir/v1/ImplementationGuide/fhir.RoadxCore</pre><div><p>HL7 FHIR Implementation Guide: RoadxCore IG Release 1.0.0</p>
</div></div></text><url value="http://roadxcore.com/fhir/v1/ImplementationGuide/fhir.RoadxCore"/><version value="1.0.0"/><name value="RoadxCoreIG"/><title value="HL7 FHIR Implementation Guide: RoadxCore IG Release 1.0.0 "/><status value="active"/><date value="2022-01-19T11:55:47+04:00"/><description value="HL7 FHIR Implementation Guide: RoadxCore IG Release 1.0.0 "/><packageId value="fhir.RoadxCore"/><license value="CC0-1.0"/><fhirVersion value="4.0.1"/><definition><extension url="http://hl7.org/fhir/tools/StructureDefinition/ig-parameter"><extension url="code"><valueString value="copyrightyear"/></extension><extension url="value"><valueString value="2022+"/></extension></extension><extension url="http://hl7.org/fhir/tools/StructureDefinition/ig-parameter"><extension url="code"><valueString value="releaselabel"/></extension><extension url="value"><valueString value="ci-build"/></extension></extension><extension url="http://hl7.org/fhir/tools/StructureDefinition/ig-parameter"><extension url="code"><valueString value="path-liquid"/></extension><extension url="value"><valueString value="template/liquid"/></extension></extension><extension url="http://hl7.org/fhir/tools/StructureDefinition/ig-parameter"><extension url="code"><valueString value="path-liquid"/></extension><extension url="value"><valueString value="input/liquid"/></extension></extension><extension url="http://hl7.org/fhir/tools/StructureDefinition/ig-parameter"><extension url="code"><valueString value="path-qa"/></extension><extension url="value"><valueString value="temp/qa"/></extension></extension><extension url="http://hl7.org/fhir/tools/StructureDefinition/ig-parameter"><extension url="code"><valueString value="path-temp"/></extension><extension url="value"><valueString value="temp/pages"/></extension></extension><extension url="http://hl7.org/fhir/tools/StructureDefinition/ig-parameter"><extension url="code"><valueString value="path-output"/></extension><extension url="value"><valueString value="output"/></extension></extension><extension url="http://hl7.org/fhir/tools/StructureDefinition/ig-parameter"><extension url="code"><valueString value="path-suppressed-warnings"/></extension><extension url="value"><valueString value="input/ignoreWarnings.txt"/></extension></extension><extension url="http://hl7.org/fhir/tools/StructureDefinition/ig-parameter"><extension url="code"><valueString value="path-history"/></extension><extension url="value"><valueString value="http://roadxcore.com/fhir/v1/history.html"/></extension></extension><extension url="http://hl7.org/fhir/tools/StructureDefinition/ig-parameter"><extension url="code"><valueString value="template-html"/></extension><extension url="value"><valueString value="template-page.html"/></extension></extension><extension url="http://hl7.org/fhir/tools/StructureDefinition/ig-parameter"><extension url="code"><valueString value="template-md"/></extension><extension url="value"><valueString value="template-page-md.html"/></extension></extension><extension url="http://hl7.org/fhir/tools/StructureDefinition/ig-parameter"><extension url="code"><valueString value="apply-contact"/></extension><extension url="value"><valueString value="true"/></extension></extension><extension url="http://hl7.org/fhir/tools/StructureDefinition/ig-parameter"><extension url="code"><valueString value="apply-context"/></extension><extension url="value"><valueString value="true"/></extension></extension><extension url="http://hl7.org/fhir/tools/StructureDefinition/ig-parameter"><extension url="code"><valueString value="apply-copyright"/></extension><extension url="value"><valueString value="true"/></extension></extension><extension url="http://hl7.org/fhir/tools/StructureDefinition/ig-parameter"><extension url="code"><valueString value="apply-jurisdiction"/></extension><extension url="value"><valueString value="true"/></extension></extension><extension url="http://hl7.org/fhir/tools/StructureDefinition/ig-parameter"><extension url="code"><valueString value="apply-license"/></extension><extension url="value"><valueString value="true"/></extension></extension><extension url="http://hl7.org/fhir/tools/StructureDefinition/ig-parameter"><extension url="code"><valueString value="apply-publisher"/></extension><extension url="value"><valueString value="true"/></extension></extension><extension url="http://hl7.org/fhir/tools/StructureDefinition/ig-parameter"><extension url="code"><valueString value="apply-version"/></extension><extension url="value"><valueString value="true"/></extension></extension><extension url="http://hl7.org/fhir/tools/StructureDefinition/ig-parameter"><extension url="code"><valueString value="active-tables"/></extension><extension url="value"><valueString value="true"/></extension></extension><grouping id="-str-profile"><name value="Structures: Resource Profiles"/><description value="These define constraints on FHIR resources for systems conforming to this implementation guide"/></grouping><grouping id="-str-extension"><name value="Structures: Extension Definitions"/><description value="These define constraints on FHIR data types for systems conforming to this implementation guide"/></grouping><resource><extension url="http://hl7.org/fhir/StructureDefinition/implementationguide-page"><valueUri value="StructureDefinition-bundle.html"/></extension><reference><reference value="StructureDefinition/bundle"/></reference><name value="RoadxCore  Bundle "/><description value="RoadxCore Bundle Profile"/><exampleBoolean value="false"/><groupingId value="-str-profile"/></resource><resource><extension url="http://hl7.org/fhir/StructureDefinition/implementationguide-page"><valueUri value="StructureDefinition-device-request.html"/></extension><reference><reference value="StructureDefinition/device-request"/></reference><name value="RoadxCore Device Request"/><description value="RoadxCore constraints on DeviceRequest resource mandating support for elements relevant to the devices being requested on a prior authorization request"/><exampleBoolean value="false"/><groupingId value="-str-profile"/></resource><resource><extension url="http://hl7.org/fhir/StructureDefinition/implementationguide-page"><valueUri value="StructureDefinition-prescription-diagnosis.html"/></extension><reference><reference value="StructureDefinition/prescription-diagnosis"/></reference><name value="Prescription Diagnosis"/><description value="Definition for the Diagnosis Condition resource in the context of medication order."/><exampleBoolean value="false"/><groupingId value="-str-profile"/></resource><resource><extension url="http://hl7.org/fhir/StructureDefinition/implementationguide-page"><valueUri value="StructureDefinition-download-parameters.html"/></extension><reference><reference value="StructureDefinition/download-parameters"/></reference><name value="RoadxCoreDownloadParameters"/><description value="Parameters profile for download prescription"/><exampleBoolean value="false"/><groupingId value="-str-profile"/></resource><resource><extension url="http://hl7.org/fhir/StructureDefinition/implementationguide-page"><valueUri value="StructureDefinition-encounter.html"/></extension><reference><reference value="StructureDefinition/encounter"/></reference><name value="RoadxCore  Encounter "/><description value="RoadxCore Encounter Profile"/><exampleBoolean value="false"/><groupingId value="-str-profile"/></resource><resource><extension url="http://hl7.org/fhir/StructureDefinition/implementationguide-page"><valueUri value="StructureDefinition-location.html"/></extension><reference><reference value="StructureDefinition/location"/></reference><name value="RoadxCore  Location "/><description value="RoadxCore Location Profile"/><exampleBoolean value="false"/><groupingId value="-str-profile"/></resource><resource><extension url="http://hl7.org/fhir/StructureDefinition/implementationguide-page"><valueUri value="StructureDefinition-medication-dispense.html"/></extension><reference><reference value="StructureDefinition/medication-dispense"/></reference><name value="RoadxCoreMedicationDispense"/><exampleBoolean value="false"/><groupingId value="-str-profile"/></resource><resource><extension url="http://hl7.org/fhir/StructureDefinition/implementationguide-page"><valueUri value="StructureDefinition-medication-request.html"/></extension><reference><reference value="StructureDefinition/medication-request"/></reference><name value="RoadxCore Medication Request"/><description value="RoadxCore constraints on MedicationRequest resource mandating support for elements relevant to the prescriptions being requested on a prior authorization request"/><exampleBoolean value="false"/><groupingId value="-str-profile"/></resource><resource><extension url="http://hl7.org/fhir/StructureDefinition/implementationguide-page"><valueUri value="StructureDefinition-message-header.html"/></extension><reference><reference value="StructureDefinition/message-header"/></reference><name value="RoadxCore  Message Header "/><description value="RoadxCore Message Header Profile"/><exampleBoolean value="false"/><groupingId value="-str-profile"/></resource><resource><extension url="http://hl7.org/fhir/StructureDefinition/implementationguide-page"><valueUri value="StructureDefinition-organization.html"/></extension><reference><reference value="StructureDefinition/organization"/></reference><name value="RoadxCore  Organization "/><description value="RoadxCore Organization Profile"/><exampleBoolean value="false"/><groupingId value="-str-profile"/></resource><resource><extension url="http://hl7.org/fhir/StructureDefinition/implementationguide-page"><valueUri value="StructureDefinition-patient.html"/></extension><reference><reference value="StructureDefinition/patient"/></reference><name value="RoadxCore  Patient "/><description value="RoadxCore Patient Profile"/><exampleBoolean value="false"/><groupingId value="-str-profile"/></resource><resource><extension url="http://hl7.org/fhir/StructureDefinition/implementationguide-page"><valueUri value="StructureDefinition-practitioner.html"/></extension><reference><reference value="StructureDefinition/practitioner"/></reference><name value="RoadxCore  Practitioner "/><description value="RoadxCore Practitioner Profile"/><exampleBoolean value="false"/><groupingId value="-str-profile"/></resource><resource><extension url="http://hl7.org/fhir/StructureDefinition/implementationguide-page"><valueUri value="StructureDefinition-practitioner-role.html"/></extension><reference><reference value="StructureDefinition/practitioner-role"/></reference><name value="RoadxCore  Practitioner Role "/><description value="RoadxCore Practitioner Role Profile"/><exampleBoolean value="false"/><groupingId value="-str-profile"/></resource><resource><extension url="http://hl7.org/fhir/StructureDefinition/implementationguide-page"><valueUri value="StructureDefinition-provider-organization.html"/></extension><reference><reference value="StructureDefinition/provider-organization"/></reference><name value="RoadxCore  Provider Organization"/><description value="RoadxCore Organization Profile"/><exampleBoolean value="false"/><groupingId value="-str-profile"/></resource><resource><extension url="http://hl7.org/fhir/StructureDefinition/implementationguide-page"><valueUri value="StructureDefinition-service-request.html"/></extension><reference><reference value="StructureDefinition/service-request"/></reference><name value="RoadxCore Service Request"/><description value="RoadxCore constraints on ServiceRequest resource mandating support for elements relevant to the generic services being requested on a prior authorization request"/><exampleBoolean value="false"/><groupingId value="-str-profile"/></resource><resource><extension url="http://hl7.org/fhir/StructureDefinition/implementationguide-page"><valueUri value="StructureDefinition-task.html"/></extension><reference><reference value="StructureDefinition/task"/></reference><name value="RoadxCore  Task"/><description value="RoadxCore Task Profile"/><exampleBoolean value="false"/><groupingId value="-str-profile"/></resource><resource><extension url="http://hl7.org/fhir/StructureDefinition/implementationguide-page"><valueUri value="StructureDefinition-vision-prescription.html"/></extension><reference><reference value="StructureDefinition/vision-prescription"/></reference><name value="RoadxCore  VisionPrescription"/><description value="RoadxCore VisionPrescription Profile"/><exampleBoolean value="false"/><groupingId value="-str-profile"/></resource><resource><extension url="http://hl7.org/fhir/StructureDefinition/implementationguide-page"><valueUri value="StructureDefinition-extension-error-expression.html"/></extension><reference><reference value="StructureDefinition/extension-error-expression"/></reference><name value="Error expression Extension"/><description value="expression for error location as part of error reporting to indicate the location of error"/><exampleBoolean value="false"/><groupingId value="-str-extension"/></resource><resource><extension url="http://hl7.org/fhir/StructureDefinition/implementationguide-page"><valueUri value="StructureDefinition-extension-ExpiryDate.html"/></extension><reference><reference value="StructureDefinition/extension-ExpiryDate"/></reference><name value="Drug Expiry Extension"/><description value="The expiry date for drug to be supplied"/><exampleBoolean value="false"/><groupingId value="-str-extension"/></resource><resource><extension url="http://hl7.org/fhir/StructureDefinition/implementationguide-page"><valueUri value="StructureDefinition-extension-identifier-country.html"/></extension><reference><reference value="StructureDefinition/extension-identifier-country"/></reference><name value="Patient Identifier Country Extension"/><description value="Patient identifier country as per the RoadxCore adopted list of countries"/><exampleBoolean value="false"/><groupingId value="-str-extension"/></resource><resource><extension url="http://hl7.org/fhir/StructureDefinition/implementationguide-page"><valueUri value="StructureDefinition-extension-patient-religion.html"/></extension><reference><reference value="StructureDefinition/extension-patient-religion"/></reference><name value="Patient Religion Extension"/><description value="Patient religion as per the RoadxCore adopted list of religions"/><exampleBoolean value="false"/><groupingId value="-str-extension"/></resource><resource><extension url="http://hl7.org/fhir/StructureDefinition/implementationguide-page"><valueUri value="StructureDefinition-extension-prescription-dispense-status.html"/></extension><reference><reference value="StructureDefinition/extension-prescription-dispense-status"/></reference><name value="Extension for specifying prescription dispense status"/><description value="Extension to specify prescription dispense status"/><exampleBoolean value="false"/><groupingId value="-str-extension"/></resource><resource><extension url="http://hl7.org/fhir/StructureDefinition/implementationguide-page"><valueUri value="StructureDefinition-extension-prescription-order-number.html"/></extension><reference><reference value="StructureDefinition/extension-prescription-order-number"/></reference><name value="Prescription Order Number Extension"/><description value="A patient reference id for the prescription"/><exampleBoolean value="false"/><groupingId value="-str-extension"/></resource><resource><extension url="http://hl7.org/fhir/StructureDefinition/implementationguide-page"><valueUri value="StructureDefinition-extension-prescription-type.html"/></extension><reference><reference value="StructureDefinition/extension-prescription-type"/></reference><name value="Extension for specifying prescription type"/><description value="Extension to specify prescription type community vs inpatient"/><exampleBoolean value="false"/><groupingId value="-str-extension"/></resource><resource><extension url="http://hl7.org/fhir/StructureDefinition/implementationguide-page"><valueUri value="StructureDefinition-extension-roadx-administrative-gender.html"/></extension><reference><reference value="StructureDefinition/extension-roadx-administrative-gender"/></reference><name value="Roadx Administrative Gender Extension"/><description value="The Saudi Administrative Gender codes"/><exampleBoolean value="false"/><groupingId value="-str-extension"/></resource><resource><extension url="http://hl7.org/fhir/StructureDefinition/implementationguide-page"><valueUri value="StructureDefinition-extension-SerialNumber.html"/></extension><reference><reference value="StructureDefinition/extension-SerialNumber"/></reference><name value="Drug serial number"/><description value="The serial number for drug to be supplied."/><exampleBoolean value="false"/><groupingId value="-str-extension"/></resource><page><nameUrl value="toc.html"/><title value="Table of Contents"/><generation value="html"/><page><nameUrl value="index.html"/><title value="Home"/><generation value="html"/></page><page><nameUrl value="background.html"/><title value="Background"/><generation value="html"/></page><page><nameUrl value="changes.html"/><title value="Changes"/><generation value="html"/></page><page><nameUrl value="downloads.html"/><title value="Downloads"/><generation value="html"/></page><page><nameUrl value="spec.html"/><title value="Spec"/><generation value="markdown"/></page><page><nameUrl value="artifacts.html"/><title value="Artifacts Summary"/><generation value="html"/><page><nameUrl value="StructureDefinition-bundle.html"/><title value="RoadxCore  Bundle "/><generation value="generated"/></page><page><nameUrl value="StructureDefinition-device-request.html"/><title value="RoadxCore Device Request"/><generation value="generated"/></page><page><nameUrl value="StructureDefinition-prescription-diagnosis.html"/><title value="Prescription Diagnosis"/><generation value="generated"/></page><page><nameUrl value="StructureDefinition-download-parameters.html"/><title value="RoadxCoreDownloadParameters"/><generation value="generated"/></page><page><nameUrl value="StructureDefinition-encounter.html"/><title value="RoadxCore  Encounter "/><generation value="generated"/></page><page><nameUrl value="StructureDefinition-location.html"/><title value="RoadxCore  Location "/><generation value="generated"/></page><page><nameUrl value="StructureDefinition-medication-dispense.html"/><title value="RoadxCoreMedicationDispense"/><generation value="generated"/></page><page><nameUrl value="StructureDefinition-medication-request.html"/><title value="RoadxCore Medication Request"/><generation value="generated"/></page><page><nameUrl value="StructureDefinition-message-header.html"/><title value="RoadxCore  Message Header "/><generation value="generated"/></page><page><nameUrl value="StructureDefinition-organization.html"/><title value="RoadxCore  Organization "/><generation value="generated"/></page><page><nameUrl value="StructureDefinition-patient.html"/><title value="RoadxCore  Patient "/><generation value="generated"/></page><page><nameUrl value="StructureDefinition-practitioner.html"/><title value="RoadxCore  Practitioner "/><generation value="generated"/></page><page><nameUrl value="StructureDefinition-practitioner-role.html"/><title value="RoadxCore  Practitioner Role "/><generation value="generated"/></page><page><nameUrl value="StructureDefinition-provider-organization.html"/><title value="RoadxCore  Provider Organization"/><generation value="generated"/></page><page><nameUrl value="StructureDefinition-service-request.html"/><title value="RoadxCore Service Request"/><generation value="generated"/></page><page><nameUrl value="StructureDefinition-task.html"/><title value="RoadxCore  Task"/><generation value="generated"/></page><page><nameUrl value="StructureDefinition-vision-prescription.html"/><title value="RoadxCore  VisionPrescription"/><generation value="generated"/></page><page><nameUrl value="StructureDefinition-extension-error-expression.html"/><title value="Error expression Extension"/><generation value="generated"/></page><page><nameUrl value="StructureDefinition-extension-ExpiryDate.html"/><title value="Drug Expiry Extension"/><generation value="generated"/></page><page><nameUrl value="StructureDefinition-extension-identifier-country.html"/><title value="Patient Identifier Country Extension"/><generation value="generated"/></page><page><nameUrl value="StructureDefinition-extension-patient-religion.html"/><title value="Patient Religion Extension"/><generation value="generated"/></page><page><nameUrl value="StructureDefinition-extension-prescription-dispense-status.html"/><title value="Extension for specifying prescription dispense status"/><generation value="generated"/></page><page><nameUrl value="StructureDefinition-extension-prescription-order-number.html"/><title value="Prescription Order Number Extension"/><generation value="generated"/></page><page><nameUrl value="StructureDefinition-extension-prescription-type.html"/><title value="Extension for specifying prescription type"/><generation value="generated"/></page><page><nameUrl value="StructureDefinition-extension-roadx-administrative-gender.html"/><title value="Roadx Administrative Gender Extension"/><generation value="generated"/></page><page><nameUrl value="StructureDefinition-extension-SerialNumber.html"/><title value="Drug serial number"/><generation value="generated"/></page></page></page><parameter><code value="path-resource"/><value value="input/capabilities"/></parameter><parameter><code value="path-resource"/><value value="input/examples"/></parameter><parameter><code value="path-resource"/><value value="input/extensions"/></parameter><parameter><code value="path-resource"/><value value="input/models"/></parameter><parameter><code value="path-resource"/><value value="input/operations"/></parameter><parameter><code value="path-resource"/><value value="input/profiles"/></parameter><parameter><code value="path-resource"/><value value="input/resources"/></parameter><parameter><code value="path-resource"/><value value="input/vocabulary"/></parameter><parameter><code value="path-resource"/><value value="input/maps"/></parameter><parameter><code value="path-resource"/><value value="input/testing"/></parameter><parameter><code value="path-resource"/><value value="input/history"/></parameter><parameter><code value="path-resource"/><value value="fsh-generated/resources"/></parameter><parameter><code value="path-pages"/><value value="template/config"/></parameter><parameter><code value="path-pages"/><value value="input/images"/></parameter><parameter><code value="path-tx-cache"/><value value="input-cache/txcache"/></parameter></definition></ImplementationGuide>